Nom,Référence,Qté Entrée,Date
Casquette sans logo (s),CSLS,3,2025-07-02
Casquette avec logo (s),CALS,4,2025-07-02
Chausseur de sécurité,CDS,27,2025-05-23
Chemise (s),CS,3,2025-05-23
Chemise Noir avec logo,CNL,5,2025-05-23
Chemise avec logo,CAL,25,2025-05-23
Gants rouge,GR,25,2025-05-23
Gilet avec logo,GAL,25,2025-05-23
Gilet et pentalent management,GPM,1,2025-05-23
Gilet visiteurs avec logo,GVAL,10,2025-05-23
Lunette noir (s),LNS,3,2025-05-23
Lunettes,L,24,2025-05-23
Pentalant (s),PS,3,2025-05-23
Pentalant Noir avec logo,PNAL,5,2025-05-23
Pentalant avec logo,PAL,48,2025-05-23
Porko avec logo (s),PALS,3,2025-05-23
Tablier,T,2,2025-05-23
Tenu de femme de menage,TFM,2,2025-05-23
Tricot (s),TS,3,2025-05-23
Bottes de sécurité antiacide,BSA,3,2025-04-01
Safety outwear,SO,4,2025-04-01
Casque antibruit ,CA,20,2025-04-01
casque de chantier,CDC,19,2025-04-01
